t,object,x,y,z,pitch,yaw,roll
0.09,LeftHandAnchor,0.000,0.000,0.000,0.0,0.0,0.0
0.09,RightHandAnchor,0.000,0.000,0.000,0.0,0.0,0.0
0.09,Head,0.000,0.000,0.000,0.0,0.0,0.0
0.15,LeftHandAnchor,0.000,0.000,0.000,0.0,0.0,0.0
0.15,RightHandAnchor,0.000,0.000,0.000,0.0,0.0,0.0
0.15,Head,0.000,0.000,0.000,0.0,0.0,0.0
0.21,LeftHandAnchor,0.000,0.000,0.000,0.0,0.0,0.0
0.21,RightHandAnchor,0.000,0.000,0.000,0.0,0.0,0.0
0.21,Head,0.000,0.000,0.000,0.0,0.0,0.0
0.26,LeftHandAnchor,0.000,0.000,0.000,0.0,0.0,0.0
0.26,RightHandAnchor,0.000,0.000,0.000,0.0,0.0,0.0
0.26,Head,0.000,0.000,0.000,0.0,0.0,0.0
0.32,LeftHandAnchor,0.000,0.000,0.000,0.0,0.0,0.0
0.32,RightHandAnchor,0.000,0.000,0.000,0.0,0.0,0.0
0.32,Head,0.000,0.000,0.000,0.0,0.0,0.0
0.38,LeftHandAnchor,0.000,0.000,0.000,0.0,0.0,0.0
0.38,RightHandAnchor,0.000,0.000,0.000,0.0,0.0,0.0
0.38,Head,0.000,0.000,0.000,0.0,0.0,0.0
0.43,LeftHandAnchor,0.000,0.000,0.000,0.0,0.0,0.0
0.43,RightHandAnchor,0.000,0.000,0.000,0.0,0.0,0.0
0.43,Head,0.000,0.000,0.000,0.0,0.0,0.0
0.49,LeftHandAnchor,0.000,0.000,0.000,0.0,0.0,0.0
0.49,RightHandAnchor,0.000,0.000,0.000,0.0,0.0,0.0
0.49,Head,0.000,0.000,0.000,0.0,0.0,0.0
0.54,LeftHandAnchor,0.000,0.000,0.000,0.0,0.0,0.0
0.54,RightHandAnchor,0.000,0.000,0.000,0.0,0.0,0.0
0.54,Head,0.000,0.000,0.000,0.0,0.0,0.0
0.60,LeftHandAnchor,0.000,0.000,0.000,0.0,0.0,0.0
0.60,RightHandAnchor,0.000,0.000,0.000,0.0,0.0,0.0
0.60,Head,0.000,0.000,0.000,0.0,0.0,0.0
0.65,LeftHandAnchor,0.000,0.000,0.000,0.0,0.0,0.0
0.65,RightHandAnchor,0.000,0.000,0.000,0.0,0.0,0.0
0.65,Head,0.000,0.000,0.000,0.0,0.0,0.0
0.71,LeftHandAnchor,0.000,0.000,0.000,0.0,0.0,0.0
0.71,RightHandAnchor,0.000,0.000,0.000,0.0,0.0,0.0
0.71,Head,0.000,0.000,0.000,0.0,0.0,0.0
0.76,LeftHandAnchor,0.000,0.000,0.000,0.0,0.0,0.0
0.76,RightHandAnchor,0.000,0.000,0.000,0.0,0.0,0.0
0.76,Head,0.000,0.000,0.000,0.0,0.0,0.0
0.82,LeftHandAnchor,-0.056,-0.373,0.323,348.1,11.4,11.6
0.82,RightHandAnchor,0.187,-0.370,0.279,343.7,14.6,346.4
0.82,Head,0.014,-0.058,-0.012,7.2,10.8,1.1
0.88,LeftHandAnchor,-0.056,-0.372,0.323,348.3,11.4,11.6
0.88,RightHandAnchor,0.187,-0.369,0.279,343.9,14.3,346.7
0.88,Head,0.014,-0.058,-0.011,7.3,10.7,1.3
0.94,LeftHandAnchor,-0.055,-0.372,0.323,348.6,11.3,11.2
0.94,RightHandAnchor,0.187,-0.367,0.281,345.1,13.5,347.1
0.94,Head,0.015,-0.059,-0.010,7.5,10.7,1.3
1.00,LeftHandAnchor,-0.055,-0.372,0.323,348.8,11.3,10.6
1.00,RightHandAnchor,0.187,-0.365,0.282,347.1,12.9,348.0
1.00,Head,0.015,-0.059,-0.009,7.7,10.7,1.3
1.05,LeftHandAnchor,-0.055,-0.370,0.322,349.3,11.4,10.3
1.05,RightHandAnchor,0.187,-0.364,0.282,347.5,12.8,348.2
1.05,Head,0.015,-0.059,-0.009,7.7,10.7,1.2
1.11,LeftHandAnchor,-0.055,-0.370,0.322,344.4,14.1,9.8
1.11,RightHandAnchor,0.187,-0.364,0.282,341.6,10.6,348.1
1.11,Head,0.015,-0.059,-0.009,7.6,10.8,1.2
1.16,LeftHandAnchor,-0.055,-0.369,0.322,342.0,16.3,8.4
1.16,RightHandAnchor,0.186,-0.365,0.282,337.9,9.9,346.6
1.16,Head,0.015,-0.059,-0.009,7.6,10.7,1.3
1.22,LeftHandAnchor,-0.054,-0.368,0.322,345.3,14.0,10.3
1.22,RightHandAnchor,0.186,-0.365,0.282,339.4,10.8,346.1
1.22,Head,0.015,-0.059,-0.010,7.6,10.6,1.3
1.27,LeftHandAnchor,-0.054,-0.368,0.322,345.4,13.9,10.3
1.27,RightHandAnchor,0.186,-0.365,0.282,340.6,11.4,346.4
1.27,Head,0.015,-0.059,-0.010,7.6,10.6,1.2
1.33,LeftHandAnchor,-0.054,-0.368,0.321,345.4,13.8,10.4
1.33,RightHandAnchor,0.186,-0.365,0.282,340.7,11.4,346.6
1.33,Head,0.015,-0.059,-0.010,7.5,10.7,1.3
1.39,LeftHandAnchor,-0.053,-0.368,0.321,345.4,13.8,10.3
1.39,RightHandAnchor,0.186,-0.365,0.282,340.7,11.4,346.6
1.39,Head,0.015,-0.058,-0.010,7.5,10.8,1.3
1.44,LeftHandAnchor,-0.053,-0.368,0.321,345.4,13.7,9.9
1.44,RightHandAnchor,0.186,-0.365,0.282,340.6,11.4,346.6
1.44,Head,0.015,-0.058,-0.010,7.5,10.8,1.3
1.50,LeftHandAnchor,-0.053,-0.368,0.321,345.4,13.5,10.0
1.50,RightHandAnchor,0.186,-0.365,0.282,340.7,11.5,346.6
1.50,Head,0.015,-0.059,-0.009,7.6,10.7,1.2
1.55,LeftHandAnchor,-0.053,-0.368,0.321,345.4,13.4,10.1
1.55,RightHandAnchor,0.186,-0.365,0.282,340.8,11.6,346.6
1.55,Head,0.015,-0.059,-0.009,7.7,10.7,1.2
1.61,LeftHandAnchor,-0.053,-0.367,0.321,345.5,13.3,10.0
1.61,RightHandAnchor,0.186,-0.365,0.282,340.7,11.5,346.6
1.61,Head,0.015,-0.059,-0.009,7.7,10.7,1.2
1.66,LeftHandAnchor,-0.052,-0.367,0.320,345.5,13.1,10.1
1.66,RightHandAnchor,0.186,-0.365,0.282,340.7,11.5,346.7
1.66,Head,0.015,-0.059,-0.009,7.7,10.7,1.3
1.72,LeftHandAnchor,-0.052,-0.367,0.320,345.5,13.1,10.4
1.72,RightHandAnchor,0.186,-0.365,0.282,340.7,11.5,347.0
1.72,Head,0.015,-0.059,-0.009,7.7,10.7,1.2
1.77,LeftHandAnchor,-0.053,-0.367,0.320,345.4,13.2,10.5
1.77,RightHandAnchor,0.186,-0.365,0.282,340.7,11.6,347.1
1.77,Head,0.015,-0.059,-0.009,7.7,10.7,1.3
1.83,LeftHandAnchor,-0.053,-0.367,0.321,345.4,13.2,10.5
1.83,RightHandAnchor,0.186,-0.365,0.283,341.1,11.7,346.7
1.83,Head,0.015,-0.059,-0.009,7.7,10.7,1.2
1.89,LeftHandAnchor,-0.053,-0.368,0.321,345.4,13.1,10.4
1.89,RightHandAnchor,0.185,-0.365,0.283,341.3,11.8,346.8
1.89,Head,0.015,-0.059,-0.009,7.7,10.7,1.3
1.94,LeftHandAnchor,-0.052,-0.367,0.320,345.4,13.1,10.4
1.94,RightHandAnchor,0.186,-0.365,0.283,341.4,11.8,346.7
1.94,Head,0.015,-0.059,-0.009,7.7,10.7,1.3
2.00,LeftHandAnchor,-0.052,-0.367,0.320,345.4,13.0,10.3
2.00,RightHandAnchor,0.186,-0.365,0.283,341.3,11.7,346.6
2.00,Head,0.015,-0.059,-0.009,7.7,10.7,1.3
2.05,LeftHandAnchor,-0.052,-0.367,0.320,345.5,13.0,10.4
2.05,RightHandAnchor,0.186,-0.365,0.283,341.2,11.7,346.7
2.05,Head,0.015,-0.059,-0.009,7.7,10.7,1.3
2.11,LeftHandAnchor,-0.052,-0.367,0.320,345.6,13.0,10.1
2.11,RightHandAnchor,0.186,-0.365,0.283,341.2,11.8,346.7
2.11,Head,0.015,-0.059,-0.009,7.7,10.8,1.3
2.16,LeftHandAnchor,-0.052,-0.367,0.320,345.6,12.9,10.1
2.16,RightHandAnchor,0.185,-0.365,0.282,341.2,11.8,346.6
2.16,Head,0.015,-0.059,-0.009,7.7,10.8,1.3
2.22,LeftHandAnchor,-0.052,-0.367,0.320,345.5,12.9,10.1
2.22,RightHandAnchor,0.186,-0.365,0.282,341.2,11.7,346.5
2.22,Head,0.015,-0.059,-0.009,7.8,10.8,1.3
2.28,LeftHandAnchor,-0.052,-0.367,0.320,345.5,12.8,10.1
2.28,RightHandAnchor,0.186,-0.365,0.282,341.2,11.8,346.5
2.28,Head,0.015,-0.059,-0.009,7.8,10.8,1.3
2.33,LeftHandAnchor,-0.052,-0.367,0.321,345.5,12.8,10.2
2.33,RightHandAnchor,0.185,-0.365,0.282,341.2,11.7,346.4
2.33,Head,0.015,-0.059,-0.009,7.8,10.8,1.4
2.39,LeftHandAnchor,-0.052,-0.367,0.321,345.5,12.8,10.3
2.39,RightHandAnchor,0.185,-0.365,0.282,341.2,11.8,346.5
2.39,Head,0.015,-0.059,-0.009,7.8,10.8,1.4
2.44,LeftHandAnchor,-0.052,-0.367,0.321,345.5,12.7,10.1
2.44,RightHandAnchor,0.185,-0.365,0.282,341.2,11.8,346.4
2.44,Head,0.015,-0.059,-0.009,7.8,10.7,1.4
2.50,LeftHandAnchor,-0.052,-0.367,0.320,345.6,12.6,10.2
2.50,RightHandAnchor,0.185,-0.365,0.282,341.3,11.8,346.4
2.50,Head,0.015,-0.059,-0.009,7.8,10.8,1.4
2.55,LeftHandAnchor,-0.052,-0.367,0.320,345.6,12.6,10.2
2.55,RightHandAnchor,0.185,-0.365,0.282,341.3,11.8,346.6
2.55,Head,0.015,-0.059,-0.009,7.8,10.8,1.4
2.61,LeftHandAnchor,-0.052,-0.367,0.320,345.6,12.7,10.3
2.61,RightHandAnchor,0.186,-0.365,0.283,341.2,11.7,346.5
2.61,Head,0.015,-0.059,-0.009,7.8,10.7,1.4
2.66,LeftHandAnchor,-0.052,-0.367,0.321,345.5,12.7,10.4
2.66,RightHandAnchor,0.185,-0.365,0.283,341.3,11.8,346.5
2.66,Head,0.015,-0.059,-0.008,7.8,10.7,1.4
2.72,LeftHandAnchor,-0.052,-0.368,0.321,345.5,12.6,10.4
2.72,RightHandAnchor,0.186,-0.365,0.283,341.2,11.7,346.7
2.72,Head,0.015,-0.059,-0.009,7.8,10.7,1.4
2.78,LeftHandAnchor,-0.052,-0.367,0.321,345.5,12.6,10.3
2.78,RightHandAnchor,0.186,-0.365,0.283,341.2,11.7,346.7
2.78,Head,0.015,-0.059,-0.008,7.8,10.7,1.4
2.83,LeftHandAnchor,-0.052,-0.367,0.321,345.5,12.5,10.3
2.83,RightHandAnchor,0.185,-0.365,0.282,341.1,11.7,346.7
2.83,Head,0.015,-0.059,-0.008,7.8,10.7,1.4
2.89,LeftHandAnchor,-0.052,-0.367,0.321,345.6,12.5,10.3
2.89,RightHandAnchor,0.185,-0.365,0.282,341.1,11.8,346.9
2.89,Head,0.015,-0.059,-0.008,7.8,10.7,1.3
2.94,LeftHandAnchor,-0.052,-0.367,0.321,345.5,12.5,10.2
2.94,RightHandAnchor,0.185,-0.365,0.282,341.1,11.8,346.8
2.94,Head,0.015,-0.059,-0.008,7.9,10.7,1.3
3.00,LeftHandAnchor,-0.052,-0.367,0.321,345.2,12.5,10.1
3.00,RightHandAnchor,0.185,-0.365,0.282,340.8,11.7,347.1
3.00,Head,0.015,-0.059,-0.008,7.9,10.7,1.3
3.05,LeftHandAnchor,-0.052,-0.367,0.320,345.2,12.4,9.9
3.05,RightHandAnchor,0.185,-0.365,0.282,340.8,11.8,347.1
3.05,Head,0.015,-0.059,-0.008,7.9,10.7,1.3
3.11,LeftHandAnchor,-0.052,-0.367,0.320,345.3,12.4,10.1
3.11,RightHandAnchor,0.185,-0.364,0.283,341.0,11.8,347.1
3.11,Head,0.015,-0.059,-0.008,7.8,10.7,1.3
3.16,LeftHandAnchor,-0.052,-0.367,0.321,345.3,12.4,10.2
3.16,RightHandAnchor,0.185,-0.364,0.282,341.0,11.8,347.1
3.16,Head,0.015,-0.059,-0.008,7.8,10.6,1.3
3.22,LeftHandAnchor,-0.052,-0.367,0.321,345.3,12.4,10.2
3.22,RightHandAnchor,0.185,-0.365,0.282,341.0,11.8,347.1
3.22,Head,0.015,-0.059,-0.008,7.8,10.7,1.3
3.28,LeftHandAnchor,-0.052,-0.367,0.321,345.2,12.3,10.2
3.28,RightHandAnchor,0.185,-0.365,0.282,340.6,11.7,347.3
3.28,Head,0.015,-0.059,-0.008,7.8,10.7,1.3
3.33,LeftHandAnchor,-0.052,-0.367,0.320,345.3,12.3,10.2
3.33,RightHandAnchor,0.185,-0.364,0.282,340.7,11.7,347.2
3.33,Head,0.015,-0.059,-0.008,7.8,10.7,1.4
3.39,LeftHandAnchor,-0.052,-0.367,0.320,345.4,12.3,10.3
3.39,RightHandAnchor,0.185,-0.364,0.282,340.8,11.7,347.2
3.39,Head,0.015,-0.059,-0.008,7.8,10.6,1.4
3.44,LeftHandAnchor,-0.052,-0.366,0.320,345.4,12.3,10.3
3.44,RightHandAnchor,0.185,-0.364,0.282,340.8,11.7,347.1
3.44,Head,0.015,-0.059,-0.008,7.8,10.6,1.4
3.50,LeftHandAnchor,-0.052,-0.366,0.320,345.4,12.3,10.3
3.50,RightHandAnchor,0.185,-0.364,0.282,340.8,11.7,347.0
3.50,Head,0.015,-0.059,-0.008,7.8,10.6,1.4
3.55,LeftHandAnchor,-0.052,-0.366,0.320,345.5,12.2,10.4
3.55,RightHandAnchor,0.185,-0.364,0.282,340.8,11.7,347.0
3.55,Head,0.015,-0.059,-0.008,7.7,10.7,1.4
3.61,LeftHandAnchor,-0.052,-0.366,0.320,345.5,12.2,10.4
3.61,RightHandAnchor,0.185,-0.364,0.282,340.9,11.8,347.0
3.61,Head,0.015,-0.059,-0.008,7.7,10.6,1.4
3.66,LeftHandAnchor,-0.052,-0.367,0.320,345.4,12.3,10.5
3.66,RightHandAnchor,0.185,-0.364,0.282,340.9,11.8,347.0
3.66,Head,0.015,-0.059,-0.008,7.7,10.6,1.4
3.72,LeftHandAnchor,-0.052,-0.367,0.320,345.4,12.3,10.5
3.72,RightHandAnchor,0.185,-0.364,0.282,340.9,11.8,347.0
3.72,Head,0.015,-0.059,-0.008,7.7,10.6,1.4
3.78,LeftHandAnchor,-0.052,-0.366,0.320,345.4,12.3,10.5
3.78,RightHandAnchor,0.185,-0.364,0.282,340.9,11.7,347.1
3.78,Head,0.015,-0.059,-0.008,7.7,10.6,1.4
3.83,LeftHandAnchor,-0.052,-0.366,0.320,345.5,12.2,10.5
3.83,RightHandAnchor,0.185,-0.364,0.282,340.9,11.8,347.1
3.83,Head,0.015,-0.059,-0.008,7.7,10.6,1.5
3.89,LeftHandAnchor,-0.052,-0.367,0.320,345.4,12.3,10.4
3.89,RightHandAnchor,0.185,-0.364,0.282,340.9,11.8,347.1
3.89,Head,0.015,-0.059,-0.008,7.7,10.5,1.5
3.94,LeftHandAnchor,-0.052,-0.367,0.320,345.4,12.2,10.5
3.94,RightHandAnchor,0.185,-0.364,0.282,340.9,11.8,347.1
3.94,Head,0.015,-0.059,-0.008,7.7,10.6,1.5
4.00,LeftHandAnchor,-0.052,-0.367,0.320,345.4,12.3,10.6
4.00,RightHandAnchor,0.185,-0.364,0.282,341.0,11.9,347.0
4.00,Head,0.015,-0.059,-0.008,7.7,10.6,1.4
4.05,LeftHandAnchor,-0.052,-0.367,0.321,345.4,12.2,10.6
4.05,RightHandAnchor,0.185,-0.364,0.282,341.0,11.9,347.0
4.05,Head,0.015,-0.059,-0.008,7.7,10.6,1.5
4.11,LeftHandAnchor,-0.052,-0.367,0.320,345.4,12.2,10.6
4.11,RightHandAnchor,0.185,-0.364,0.282,340.9,11.9,347.0
4.11,Head,0.015,-0.059,-0.008,7.7,10.6,1.5
4.16,LeftHandAnchor,-0.052,-0.367,0.320,345.4,12.2,10.6
4.16,RightHandAnchor,0.185,-0.364,0.282,341.0,11.9,347.0
4.16,Head,0.015,-0.059,-0.008,7.7,10.5,1.5
4.22,LeftHandAnchor,-0.052,-0.367,0.320,345.4,12.2,10.6
4.22,RightHandAnchor,0.185,-0.364,0.282,340.9,11.9,347.1
4.22,Head,0.015,-0.059,-0.008,7.6,10.5,1.5
4.28,LeftHandAnchor,-0.052,-0.367,0.320,345.4,12.2,10.7
4.28,RightHandAnchor,0.185,-0.364,0.282,340.9,11.9,347.1
4.28,Head,0.015,-0.059,-0.008,7.6,10.6,1.5
4.33,LeftHandAnchor,-0.052,-0.367,0.320,345.4,12.2,10.4
4.33,RightHandAnchor,0.185,-0.364,0.282,341.0,12.0,347.1
4.33,Head,0.015,-0.059,-0.008,7.6,10.5,1.5
4.39,LeftHandAnchor,-0.052,-0.367,0.320,345.4,12.2,10.5
4.39,RightHandAnchor,0.185,-0.365,0.282,340.9,11.9,347.1
4.39,Head,0.015,-0.059,-0.008,7.7,10.5,1.5
4.44,LeftHandAnchor,-0.052,-0.367,0.320,345.4,12.2,10.6
4.44,RightHandAnchor,0.185,-0.364,0.282,340.9,11.9,347.1
4.44,Head,0.015,-0.059,-0.008,7.7,10.5,1.5
4.50,LeftHandAnchor,-0.052,-0.367,0.320,345.4,12.2,10.5
4.50,RightHandAnchor,0.185,-0.364,0.282,340.9,11.9,347.2
4.50,Head,0.015,-0.059,-0.008,7.7,10.5,1.5
4.55,LeftHandAnchor,-0.052,-0.366,0.320,345.4,12.1,10.5
4.55,RightHandAnchor,0.185,-0.364,0.282,340.7,12.0,347.6
4.55,Head,0.015,-0.059,-0.008,7.7,10.5,1.5
4.61,LeftHandAnchor,-0.052,-0.366,0.320,345.4,12.1,10.6
4.61,RightHandAnchor,0.185,-0.364,0.282,340.8,12.0,347.6
4.61,Head,0.015,-0.059,-0.008,7.7,10.5,1.5
4.66,LeftHandAnchor,-0.052,-0.366,0.320,345.4,12.1,10.6
4.66,RightHandAnchor,0.185,-0.364,0.282,341.0,12.0,347.5
4.66,Head,0.015,-0.059,-0.008,7.7,10.5,1.5
4.72,LeftHandAnchor,-0.052,-0.366,0.320,345.5,12.0,10.6
4.72,RightHandAnchor,0.185,-0.364,0.282,340.9,11.9,347.4
4.72,Head,0.015,-0.059,-0.008,7.7,10.5,1.6
4.78,LeftHandAnchor,-0.052,-0.366,0.320,345.5,12.0,10.5
4.78,RightHandAnchor,0.185,-0.364,0.282,341.0,11.9,347.4
4.78,Head,0.015,-0.059,-0.008,7.7,10.5,1.6
4.83,LeftHandAnchor,-0.052,-0.366,0.320,345.5,12.1,10.5
4.83,RightHandAnchor,0.185,-0.364,0.282,341.0,11.9,347.3
4.83,Head,0.015,-0.059,-0.008,7.7,10.5,1.6
4.89,LeftHandAnchor,-0.052,-0.366,0.320,345.5,12.0,10.4
4.89,RightHandAnchor,0.185,-0.364,0.282,341.0,11.9,347.2
4.89,Head,0.015,-0.059,-0.008,7.8,10.5,1.6
4.94,LeftHandAnchor,-0.052,-0.367,0.320,345.4,12.0,10.5
4.94,RightHandAnchor,0.185,-0.364,0.282,340.9,11.8,347.3
4.94,Head,0.015,-0.059,-0.008,7.8,10.5,1.6
5.00,LeftHandAnchor,-0.052,-0.367,0.320,345.4,12.0,10.5
5.00,RightHandAnchor,0.185,-0.364,0.282,340.9,11.9,347.5
5.00,Head,0.015,-0.059,-0.008,7.8,10.5,1.6
5.05,LeftHandAnchor,-0.051,-0.366,0.320,345.4,11.9,10.3
5.05,RightHandAnchor,0.185,-0.364,0.282,341.0,11.9,347.5
5.05,Head,0.015,-0.059,-0.007,7.8,10.5,1.6
5.11,LeftHandAnchor,-0.052,-0.366,0.320,345.5,11.9,10.4
5.11,RightHandAnchor,0.185,-0.364,0.282,341.0,11.9,347.5
5.11,Head,0.015,-0.059,-0.007,7.8,10.5,1.6
5.17,LeftHandAnchor,-0.052,-0.366,0.320,345.4,11.9,10.4
5.17,RightHandAnchor,0.185,-0.364,0.282,341.0,12.0,347.5
5.17,Head,0.015,-0.059,-0.007,7.9,10.6,1.6
5.22,LeftHandAnchor,-0.052,-0.366,0.320,345.4,11.9,10.4
5.22,RightHandAnchor,0.185,-0.364,0.282,341.1,12.0,347.3
5.22,Head,0.015,-0.059,-0.007,7.9,10.6,1.6
5.28,LeftHandAnchor,-0.052,-0.366,0.320,345.5,11.9,10.2
5.28,RightHandAnchor,0.185,-0.364,0.282,341.2,12.0,347.4
5.28,Head,0.015,-0.059,-0.007,7.8,10.6,1.6
5.33,LeftHandAnchor,-0.051,-0.366,0.320,345.5,11.9,10.4
5.33,RightHandAnchor,0.185,-0.364,0.282,341.2,11.9,347.3
5.33,Head,0.015,-0.059,-0.007,7.9,10.6,1.6
5.39,LeftHandAnchor,-0.052,-0.367,0.320,345.5,12.0,10.4
5.39,RightHandAnchor,0.185,-0.364,0.282,341.2,11.9,347.3
5.39,Head,0.015,-0.059,-0.007,7.9,10.6,1.6
5.44,LeftHandAnchor,-0.052,-0.367,0.320,345.4,12.0,10.3
5.44,RightHandAnchor,0.185,-0.364,0.282,341.1,11.9,347.4
5.44,Head,0.015,-0.059,-0.007,7.8,10.6,1.6
5.50,LeftHandAnchor,-0.052,-0.367,0.320,345.4,12.0,10.3
5.50,RightHandAnchor,0.185,-0.364,0.282,341.0,11.9,347.4
5.50,Head,0.015,-0.059,-0.007,7.8,10.6,1.6
5.55,LeftHandAnchor,-0.052,-0.367,0.320,345.4,12.0,10.4
5.55,RightHandAnchor,0.185,-0.364,0.282,341.0,11.9,347.2
5.55,Head,0.015,-0.059,-0.007,7.8,10.5,1.6
5.61,LeftHandAnchor,-0.052,-0.367,0.320,345.4,12.0,10.5
5.61,RightHandAnchor,0.185,-0.364,0.282,341.3,11.9,347.3
5.61,Head,0.015,-0.059,-0.007,7.8,10.5,1.6
5.67,LeftHandAnchor,-0.052,-0.367,0.320,345.5,11.9,10.6
5.67,RightHandAnchor,0.185,-0.364,0.282,341.3,11.9,347.3
5.67,Head,0.015,-0.059,-0.007,7.8,10.6,1.7
5.72,LeftHandAnchor,-0.052,-0.367,0.320,345.5,12.0,10.4
5.72,RightHandAnchor,0.185,-0.364,0.282,341.2,11.9,347.2
5.72,Head,0.015,-0.059,-0.007,7.8,10.6,1.7
5.78,LeftHandAnchor,-0.052,-0.367,0.320,345.4,11.9,10.5
5.78,RightHandAnchor,0.185,-0.364,0.282,341.2,12.0,347.3
5.78,Head,0.015,-0.059,-0.007,7.8,10.5,1.7
5.83,LeftHandAnchor,-0.052,-0.367,0.320,345.4,11.9,10.6
5.83,RightHandAnchor,0.185,-0.364,0.282,341.3,12.0,347.2
5.83,Head,0.015,-0.059,-0.007,7.8,10.5,1.7
5.89,LeftHandAnchor,-0.052,-0.367,0.320,345.4,11.9,10.6
5.89,RightHandAnchor,0.185,-0.364,0.282,341.2,12.0,347.2
5.89,Head,0.015,-0.059,-0.007,7.8,10.5,1.7
5.94,LeftHandAnchor,-0.052,-0.367,0.320,345.4,12.0,10.3
5.94,RightHandAnchor,0.185,-0.364,0.282,341.2,12.0,347.2
5.94,Head,0.015,-0.059,-0.007,7.8,10.5,1.7
6.00,LeftHandAnchor,-0.052,-0.367,0.320,345.3,12.0,10.4
6.00,RightHandAnchor,0.185,-0.364,0.282,341.1,12.0,347.2
6.00,Head,0.015,-0.059,-0.007,7.8,10.5,1.7
6.05,LeftHandAnchor,-0.052,-0.367,0.320,345.4,11.9,10.3
6.05,RightHandAnchor,0.185,-0.364,0.282,341.2,12.1,347.6
6.05,Head,0.015,-0.059,-0.007,7.8,10.5,1.7
6.11,LeftHandAnchor,-0.052,-0.367,0.320,345.4,11.9,10.3
6.11,RightHandAnchor,0.185,-0.364,0.282,341.1,12.1,347.7
6.11,Head,0.015,-0.059,-0.007,7.7,10.5,1.7
6.17,LeftHandAnchor,-0.052,-0.366,0.320,345.5,11.9,10.1
6.17,RightHandAnchor,0.185,-0.364,0.282,341.0,12.1,347.5
6.17,Head,0.015,-0.059,-0.007,7.8,10.5,1.7
6.22,LeftHandAnchor,-0.052,-0.366,0.320,345.6,11.9,10.2
6.22,RightHandAnchor,0.185,-0.364,0.282,341.0,12.0,347.5
6.22,Head,0.014,-0.059,-0.007,7.8,10.5,1.7
6.28,LeftHandAnchor,-0.052,-0.367,0.320,345.4,12.0,10.4
6.28,RightHandAnchor,0.185,-0.364,0.282,340.9,12.0,347.4
6.28,Head,0.014,-0.059,-0.007,7.8,10.5,1.7
6.33,LeftHandAnchor,-0.052,-0.367,0.320,345.3,12.0,10.4
6.33,RightHandAnchor,0.185,-0.364,0.282,340.9,12.0,347.3
6.33,Head,0.014,-0.059,-0.007,7.7,10.5,1.7
6.39,LeftHandAnchor,-0.052,-0.367,0.320,345.3,12.0,10.4
6.39,RightHandAnchor,0.185,-0.364,0.282,340.9,12.0,347.3
6.39,Head,0.014,-0.059,-0.007,7.7,10.5,1.7
6.44,LeftHandAnchor,-0.052,-0.366,0.320,345.5,12.0,10.2
6.44,RightHandAnchor,0.185,-0.364,0.282,341.0,12.0,347.4
6.44,Head,0.014,-0.059,-0.007,7.6,10.5,1.7
6.50,LeftHandAnchor,-0.051,-0.366,0.320,345.5,12.0,10.3
6.50,RightHandAnchor,0.185,-0.364,0.282,341.1,12.1,347.0
6.50,Head,0.014,-0.059,-0.007,7.6,10.5,1.8
6.55,LeftHandAnchor,-0.052,-0.367,0.320,345.4,12.0,10.3
6.55,RightHandAnchor,0.185,-0.364,0.282,341.0,12.0,347.0
6.55,Head,0.014,-0.059,-0.007,7.6,10.4,1.7
6.61,LeftHandAnchor,-0.051,-0.367,0.320,345.4,12.0,10.3
6.61,RightHandAnchor,0.185,-0.364,0.282,341.1,12.0,347.1
6.61,Head,0.014,-0.059,-0.007,7.6,10.4,1.7
6.67,LeftHandAnchor,-0.051,-0.366,0.320,345.4,11.9,10.4
6.67,RightHandAnchor,0.185,-0.364,0.282,341.1,12.0,347.1
6.67,Head,0.014,-0.059,-0.007,7.6,10.5,1.7
6.72,LeftHandAnchor,-0.052,-0.366,0.320,345.4,11.9,10.4
6.72,RightHandAnchor,0.185,-0.364,0.282,341.0,12.0,347.1
6.72,Head,0.014,-0.059,-0.007,7.5,10.5,1.7
6.78,LeftHandAnchor,-0.052,-0.366,0.320,345.5,11.9,10.3
6.78,RightHandAnchor,0.185,-0.364,0.282,341.1,12.0,347.2
6.78,Head,0.014,-0.059,-0.007,7.6,10.4,1.7
6.83,LeftHandAnchor,-0.051,-0.366,0.320,345.5,11.9,10.3
6.83,RightHandAnchor,0.185,-0.364,0.282,341.0,11.9,347.2
6.83,Head,0.014,-0.059,-0.007,7.6,10.4,1.7
6.89,LeftHandAnchor,-0.051,-0.366,0.320,345.6,11.9,10.2
6.89,RightHandAnchor,0.185,-0.364,0.282,341.0,12.0,347.2
6.89,Head,0.014,-0.059,-0.007,7.6,10.4,1.7
6.94,LeftHandAnchor,-0.051,-0.366,0.320,345.5,11.9,10.3
6.94,RightHandAnchor,0.185,-0.364,0.282,341.0,12.0,347.1
6.94,Head,0.014,-0.059,-0.007,7.6,10.5,1.7
7.00,LeftHandAnchor,-0.051,-0.366,0.320,345.5,11.9,10.3
7.00,RightHandAnchor,0.185,-0.364,0.282,341.0,11.9,347.1
7.00,Head,0.014,-0.059,-0.007,7.6,10.5,1.7
7.05,LeftHandAnchor,-0.052,-0.367,0.320,345.4,11.9,10.5
7.05,RightHandAnchor,0.185,-0.364,0.282,341.0,12.0,347.2
7.05,Head,0.014,-0.059,-0.007,7.6,10.4,1.7
7.11,LeftHandAnchor,-0.052,-0.367,0.320,345.4,11.9,10.4
7.11,RightHandAnchor,0.185,-0.364,0.282,341.0,12.0,347.2
7.11,Head,0.014,-0.059,-0.008,7.6,10.4,1.7
7.17,LeftHandAnchor,-0.051,-0.367,0.320,345.4,11.8,10.4
7.17,RightHandAnchor,0.185,-0.364,0.282,340.9,11.9,347.4
7.17,Head,0.014,-0.059,-0.008,7.5,10.4,1.7
7.22,LeftHandAnchor,-0.051,-0.366,0.320,345.6,11.8,10.2
7.22,RightHandAnchor,0.185,-0.364,0.282,341.0,11.9,347.3
7.22,Head,0.014,-0.059,-0.008,7.5,10.4,1.7
7.28,LeftHandAnchor,-0.051,-0.366,0.320,345.5,11.8,10.4
7.28,RightHandAnchor,0.185,-0.364,0.282,341.0,12.0,347.3
7.28,Head,0.014,-0.059,-0.007,7.5,10.4,1.7
7.33,LeftHandAnchor,-0.051,-0.366,0.320,345.6,11.8,10.4
7.33,RightHandAnchor,0.185,-0.364,0.282,341.0,12.0,347.4
7.33,Head,0.014,-0.059,-0.007,7.6,10.4,1.7
7.39,LeftHandAnchor,-0.052,-0.366,0.320,345.6,11.8,10.4
7.39,RightHandAnchor,0.185,-0.364,0.282,341.0,12.0,347.3
7.39,Head,0.014,-0.059,-0.007,7.6,10.5,1.7
7.44,LeftHandAnchor,-0.051,-0.366,0.320,345.6,11.7,10.4
7.44,RightHandAnchor,0.185,-0.364,0.282,341.1,11.9,347.4
7.44,Head,0.014,-0.059,-0.007,7.6,10.4,1.7
7.50,LeftHandAnchor,-0.051,-0.366,0.320,345.5,11.8,10.3
7.50,RightHandAnchor,0.185,-0.364,0.283,341.2,11.9,347.5
7.50,Head,0.014,-0.059,-0.007,7.6,10.4,1.7
7.55,LeftHandAnchor,-0.052,-0.367,0.320,345.4,11.8,10.3
7.55,RightHandAnchor,0.185,-0.364,0.283,341.2,11.9,347.3
7.55,Head,0.014,-0.059,-0.007,7.7,10.4,1.7
7.61,LeftHandAnchor,-0.051,-0.366,0.320,345.5,11.8,10.3
7.61,RightHandAnchor,0.185,-0.364,0.282,341.2,11.9,347.4
7.61,Head,0.014,-0.059,-0.007,7.7,10.5,1.8
7.67,LeftHandAnchor,-0.051,-0.366,0.320,345.6,11.8,10.3
7.67,RightHandAnchor,0.185,-0.364,0.282,341.1,11.9,347.4
7.67,Head,0.014,-0.059,-0.007,7.6,10.5,1.7
7.72,LeftHandAnchor,-0.051,-0.366,0.320,345.6,11.8,10.1
7.72,RightHandAnchor,0.185,-0.364,0.282,341.2,11.9,347.2
7.72,Head,0.014,-0.059,-0.007,7.6,10.4,1.8
7.78,LeftHandAnchor,-0.052,-0.366,0.320,344.8,12.1,10.5
7.78,RightHandAnchor,0.185,-0.364,0.282,341.0,12.0,347.2
7.78,Head,0.014,-0.059,-0.008,7.6,10.4,1.8
7.83,LeftHandAnchor,-0.052,-0.366,0.320,343.9,12.7,9.5
7.83,RightHandAnchor,0.185,-0.364,0.282,340.6,11.9,347.2
7.83,Head,0.014,-0.059,-0.008,7.6,10.4,1.8
7.89,LeftHandAnchor,-0.052,-0.367,0.319,343.8,12.8,9.5
7.89,RightHandAnchor,0.185,-0.364,0.282,340.6,11.8,347.2
7.89,Head,0.014,-0.059,-0.008,7.6,10.5,1.8
7.94,LeftHandAnchor,-0.052,-0.367,0.320,343.9,12.8,9.4
7.94,RightHandAnchor,0.185,-0.364,0.282,340.4,11.7,347.3
7.94,Head,0.014,-0.059,-0.008,7.6,10.4,1.8
8.00,LeftHandAnchor,-0.052,-0.367,0.320,344.0,12.7,9.6
8.00,RightHandAnchor,0.185,-0.364,0.282,340.4,11.7,347.4
8.00,Head,0.014,-0.059,-0.007,7.6,10.4,1.8
8.05,LeftHandAnchor,-0.051,-0.366,0.320,344.1,12.7,9.4
8.05,RightHandAnchor,0.185,-0.364,0.282,340.5,11.7,347.4
8.05,Head,0.014,-0.059,-0.007,7.6,10.4,1.7
8.11,LeftHandAnchor,-0.051,-0.366,0.320,344.2,12.7,9.5
8.11,RightHandAnchor,0.185,-0.364,0.282,340.4,11.7,347.6
8.11,Head,0.014,-0.059,-0.007,7.6,10.4,1.8
8.17,LeftHandAnchor,-0.051,-0.366,0.320,344.2,12.6,9.5
8.17,RightHandAnchor,0.185,-0.364,0.282,340.3,11.7,347.4
8.17,Head,0.014,-0.059,-0.007,7.6,10.4,1.8
8.22,LeftHandAnchor,-0.051,-0.367,0.320,344.2,12.6,9.6
8.22,RightHandAnchor,0.185,-0.364,0.282,340.2,11.7,347.4
8.22,Head,0.014,-0.059,-0.007,7.6,10.4,1.8
8.28,LeftHandAnchor,-0.051,-0.367,0.320,344.3,12.5,9.6
8.28,RightHandAnchor,0.185,-0.364,0.282,340.3,11.7,347.4
8.28,Head,0.014,-0.059,-0.007,7.6,10.4,1.8
8.33,LeftHandAnchor,-0.051,-0.367,0.320,344.4,12.4,9.6
8.33,RightHandAnchor,0.185,-0.364,0.282,340.3,11.6,347.5
8.33,Head,0.014,-0.059,-0.007,7.6,10.4,1.8
8.39,LeftHandAnchor,-0.051,-0.367,0.321,344.4,12.4,9.7
8.39,RightHandAnchor,0.185,-0.364,0.282,340.3,11.6,347.5
8.39,Head,0.014,-0.059,-0.007,7.6,10.4,1.7
8.44,LeftHandAnchor,-0.051,-0.367,0.320,344.3,12.4,9.6
8.44,RightHandAnchor,0.185,-0.364,0.282,340.2,11.6,347.4
8.44,Head,0.014,-0.059,-0.007,7.6,10.4,1.8
8.50,LeftHandAnchor,-0.051,-0.367,0.320,344.3,12.4,9.6
8.50,RightHandAnchor,0.185,-0.364,0.282,340.3,11.6,347.4
8.50,Head,0.014,-0.059,-0.007,7.6,10.4,1.8
8.55,LeftHandAnchor,-0.051,-0.366,0.320,344.3,12.4,9.6
8.55,RightHandAnchor,0.185,-0.364,0.282,340.2,11.6,347.5
8.55,Head,0.014,-0.059,-0.007,7.5,10.4,1.8
8.61,LeftHandAnchor,-0.051,-0.366,0.320,344.3,12.4,9.5
8.61,RightHandAnchor,0.185,-0.364,0.282,340.3,11.6,347.5
8.61,Head,0.014,-0.059,-0.008,7.5,10.4,1.8
8.67,LeftHandAnchor,-0.051,-0.366,0.320,344.3,12.4,9.6
8.67,RightHandAnchor,0.185,-0.364,0.282,340.3,11.6,347.4
8.67,Head,0.014,-0.059,-0.007,7.5,10.4,1.8
8.72,LeftHandAnchor,-0.051,-0.366,0.320,344.4,12.4,9.8
8.72,RightHandAnchor,0.185,-0.364,0.282,340.2,11.6,347.7
8.72,Head,0.014,-0.059,-0.007,7.6,10.4,1.8
8.78,LeftHandAnchor,-0.051,-0.366,0.320,344.4,12.3,9.8
8.78,RightHandAnchor,0.185,-0.364,0.282,340.3,11.6,347.7
8.78,Head,0.014,-0.059,-0.007,7.6,10.4,1.8
8.83,LeftHandAnchor,-0.051,-0.366,0.320,344.4,12.3,9.8
8.83,RightHandAnchor,0.185,-0.364,0.282,340.4,11.6,347.6
8.83,Head,0.014,-0.059,-0.007,7.6,10.4,1.8
8.89,LeftHandAnchor,-0.051,-0.367,0.320,344.3,12.4,9.8
8.89,RightHandAnchor,0.185,-0.364,0.283,340.4,11.6,347.5
8.89,Head,0.014,-0.059,-0.007,7.6,10.4,1.8
8.94,LeftHandAnchor,-0.051,-0.367,0.320,344.3,12.4,9.8
8.94,RightHandAnchor,0.185,-0.364,0.283,340.4,11.6,347.4
8.94,Head,0.014,-0.059,-0.007,7.6,10.4,1.8
9.00,LeftHandAnchor,-0.051,-0.367,0.320,344.3,12.4,9.7
9.00,RightHandAnchor,0.185,-0.364,0.283,340.4,11.6,347.4
9.00,Head,0.014,-0.059,-0.007,7.6,10.4,1.8
9.05,LeftHandAnchor,-0.051,-0.367,0.320,344.4,12.3,9.7
9.05,RightHandAnchor,0.185,-0.364,0.283,340.3,11.6,347.4
9.05,Head,0.014,-0.059,-0.007,7.6,10.4,1.8
9.11,LeftHandAnchor,-0.051,-0.366,0.320,344.4,12.3,9.8
9.11,RightHandAnchor,0.185,-0.364,0.283,340.3,11.6,347.3
9.11,Head,0.014,-0.059,-0.007,7.6,10.4,1.8
9.17,LeftHandAnchor,-0.051,-0.366,0.320,344.4,12.4,9.7
9.17,RightHandAnchor,0.185,-0.364,0.282,340.1,11.6,347.3
9.17,Head,0.014,-0.059,-0.007,7.6,10.4,1.8
9.22,LeftHandAnchor,-0.051,-0.366,0.320,344.4,12.4,9.7
9.22,RightHandAnchor,0.185,-0.364,0.282,340.1,11.7,347.0
9.22,Head,0.014,-0.059,-0.007,7.6,10.4,1.8
9.28,LeftHandAnchor,-0.051,-0.366,0.320,344.4,12.4,9.6
9.28,RightHandAnchor,0.185,-0.364,0.282,340.3,11.6,347.3
9.28,Head,0.014,-0.059,-0.007,7.6,10.3,1.8
9.33,LeftHandAnchor,-0.051,-0.366,0.320,344.4,12.4,9.7
9.33,RightHandAnchor,0.185,-0.364,0.282,340.2,11.6,347.3
9.33,Head,0.014,-0.059,-0.007,7.6,10.4,1.8
9.39,LeftHandAnchor,-0.051,-0.366,0.320,344.5,12.4,9.7
9.39,RightHandAnchor,0.185,-0.364,0.282,340.2,11.6,347.1
9.39,Head,0.014,-0.059,-0.007,7.5,10.4,1.8
9.44,LeftHandAnchor,-0.051,-0.366,0.320,344.5,12.3,9.9
9.44,RightHandAnchor,0.185,-0.364,0.282,340.1,11.6,347.4
9.44,Head,0.014,-0.059,-0.007,7.6,10.4,1.8
9.50,LeftHandAnchor,-0.051,-0.367,0.320,344.4,12.3,9.8
9.50,RightHandAnchor,0.185,-0.364,0.282,340.2,11.6,347.4
9.50,Head,0.014,-0.059,-0.007,7.6,10.3,1.8
9.55,LeftHandAnchor,-0.051,-0.366,0.320,344.6,12.3,9.7
9.55,RightHandAnchor,0.185,-0.364,0.282,340.3,11.6,347.3
9.55,Head,0.014,-0.059,-0.007,7.6,10.3,1.8
9.61,LeftHandAnchor,-0.051,-0.366,0.320,344.6,12.3,9.8
9.61,RightHandAnchor,0.185,-0.364,0.283,340.3,11.6,347.3
9.61,Head,0.014,-0.059,-0.007,7.6,10.4,1.8
9.67,LeftHandAnchor,-0.051,-0.366,0.320,344.6,12.3,9.7
9.67,RightHandAnchor,0.185,-0.364,0.282,340.3,11.6,347.3
9.67,Head,0.014,-0.059,-0.007,7.6,10.3,1.9
9.72,LeftHandAnchor,-0.051,-0.366,0.320,344.6,12.3,9.8
9.72,RightHandAnchor,0.185,-0.364,0.282,340.2,11.5,347.2
9.72,Head,0.014,-0.059,-0.007,7.6,10.3,1.9
9.78,LeftHandAnchor,-0.051,-0.366,0.320,344.5,12.3,9.7
9.78,RightHandAnchor,0.185,-0.364,0.282,340.1,11.5,347.2
9.78,Head,0.014,-0.059,-0.007,7.6,10.3,1.9
9.83,LeftHandAnchor,-0.051,-0.366,0.320,344.5,12.3,9.6
9.83,RightHandAnchor,0.185,-0.364,0.282,340.0,11.5,347.2
9.83,Head,0.014,-0.059,-0.007,7.6,10.3,1.9
9.89,LeftHandAnchor,-0.051,-0.366,0.320,344.5,12.2,9.6
9.89,RightHandAnchor,0.185,-0.364,0.282,340.1,11.5,347.3
9.89,Head,0.014,-0.059,-0.007,7.6,10.3,1.8
9.94,LeftHandAnchor,-0.051,-0.366,0.320,344.5,12.3,9.5
9.94,RightHandAnchor,0.184,-0.364,0.282,340.3,11.7,347.2
9.94,Head,0.014,-0.059,-0.007,7.6,10.3,1.9
10.00,LeftHandAnchor,-0.051,-0.366,0.320,344.4,12.3,9.5
10.00,RightHandAnchor,0.184,-0.364,0.282,340.3,11.6,347.2
10.00,Head,0.014,-0.059,-0.007,7.6,10.3,1.9
10.05,LeftHandAnchor,-0.051,-0.366,0.320,344.5,12.3,9.5
10.05,RightHandAnchor,0.185,-0.364,0.282,340.2,11.7,347.3
10.05,Head,0.014,-0.059,-0.007,7.6,10.3,1.9
10.11,LeftHandAnchor,-0.051,-0.366,0.320,344.5,12.3,9.6
10.11,RightHandAnchor,0.185,-0.364,0.282,340.1,11.6,347.3
10.11,Head,0.014,-0.059,-0.007,7.6,10.4,1.9
10.17,LeftHandAnchor,-0.051,-0.366,0.319,344.4,12.3,9.6
10.17,RightHandAnchor,0.185,-0.364,0.282,340.2,11.6,347.3
10.17,Head,0.014,-0.059,-0.007,7.6,10.3,1.9
10.22,LeftHandAnchor,-0.051,-0.366,0.319,344.4,12.3,9.6
10.22,RightHandAnchor,0.185,-0.364,0.282,340.3,11.7,347.2
10.22,Head,0.014,-0.059,-0.007,7.7,10.3,1.9
10.28,LeftHandAnchor,-0.051,-0.366,0.319,344.5,12.3,9.6
10.28,RightHandAnchor,0.185,-0.364,0.282,340.3,11.7,347.5
10.28,Head,0.014,-0.059,-0.007,7.7,10.3,1.9
10.33,LeftHandAnchor,-0.051,-0.366,0.320,344.5,12.3,9.6
10.33,RightHandAnchor,0.185,-0.364,0.282,340.3,11.7,347.7
10.33,Head,0.014,-0.059,-0.007,7.7,10.4,1.9
10.39,LeftHandAnchor,-0.051,-0.366,0.320,344.5,12.3,9.5
10.39,RightHandAnchor,0.185,-0.364,0.282,340.3,11.8,347.7
10.39,Head,0.014,-0.059,-0.007,7.7,10.4,1.9
10.44,LeftHandAnchor,-0.051,-0.366,0.320,344.4,12.2,9.6
10.44,RightHandAnchor,0.185,-0.364,0.282,340.3,11.7,347.7
10.44,Head,0.014,-0.059,-0.007,7.7,10.4,1.9
10.50,LeftHandAnchor,-0.051,-0.366,0.320,344.4,12.3,9.5
10.50,RightHandAnchor,0.185,-0.364,0.282,340.2,11.7,347.7
10.50,Head,0.014,-0.059,-0.007,7.7,10.4,1.9
10.55,LeftHandAnchor,-0.051,-0.366,0.320,344.4,12.2,9.5
10.55,RightHandAnchor,0.185,-0.364,0.282,340.2,11.8,347.8
10.55,Head,0.014,-0.059,-0.007,7.7,10.4,1.9
10.61,LeftHandAnchor,-0.051,-0.366,0.320,344.4,12.2,9.6
10.61,RightHandAnchor,0.185,-0.364,0.282,340.3,11.8,347.7
10.61,Head,0.014,-0.059,-0.007,7.7,10.4,1.9
10.67,LeftHandAnchor,-0.051,-0.366,0.320,344.4,12.2,9.6
10.67,RightHandAnchor,0.185,-0.364,0.282,340.3,11.8,347.7
10.67,Head,0.014,-0.059,-0.007,7.8,10.4,2.0
10.72,LeftHandAnchor,-0.051,-0.366,0.320,344.4,12.1,9.6
10.72,RightHandAnchor,0.185,-0.364,0.283,340.3,11.8,347.6
10.72,Head,0.014,-0.059,-0.007,7.8,10.4,2.0
10.78,LeftHandAnchor,-0.051,-0.366,0.320,344.5,12.1,9.6
10.78,RightHandAnchor,0.185,-0.364,0.282,340.3,11.8,347.6
10.78,Head,0.014,-0.059,-0.007,7.8,10.4,2.0
10.83,LeftHandAnchor,-0.051,-0.366,0.320,344.5,12.1,9.6
10.83,RightHandAnchor,0.185,-0.364,0.282,340.3,11.8,347.6
10.83,Head,0.014,-0.059,-0.007,7.7,10.4,2.0
10.89,LeftHandAnchor,-0.051,-0.366,0.320,344.4,12.1,9.6
10.89,RightHandAnchor,0.185,-0.364,0.282,340.2,11.8,347.3
10.89,Head,0.014,-0.059,-0.007,7.7,10.4,1.9
10.94,LeftHandAnchor,-0.051,-0.366,0.320,344.5,12.1,9.7
10.94,RightHandAnchor,0.185,-0.364,0.282,340.2,11.7,347.4
10.94,Head,0.014,-0.059,-0.007,7.8,10.4,1.9
11.00,LeftHandAnchor,-0.051,-0.366,0.320,344.5,12.1,9.6
11.00,RightHandAnchor,0.185,-0.364,0.282,340.1,11.7,347.3
11.00,Head,0.014,-0.059,-0.007,7.8,10.4,1.9
11.05,LeftHandAnchor,-0.051,-0.366,0.320,344.4,12.1,9.6
11.05,RightHandAnchor,0.185,-0.365,0.282,340.0,11.6,347.4
11.05,Head,0.014,-0.059,-0.007,7.8,10.4,1.9
11.11,LeftHandAnchor,-0.051,-0.366,0.320,344.4,12.2,9.6
11.11,RightHandAnchor,0.185,-0.365,0.283,339.9,11.7,347.4
11.11,Head,0.014,-0.059,-0.007,7.7,10.4,1.9
11.17,LeftHandAnchor,-0.051,-0.366,0.320,344.4,12.2,9.6
11.17,RightHandAnchor,0.185,-0.365,0.283,340.0,11.6,347.7
11.17,Head,0.014,-0.059,-0.007,7.8,10.4,2.0
11.22,LeftHandAnchor,-0.051,-0.367,0.320,344.4,12.1,9.6
11.22,RightHandAnchor,0.185,-0.364,0.283,340.2,11.6,347.8
11.22,Head,0.014,-0.059,-0.007,7.8,10.4,2.0
11.28,LeftHandAnchor,-0.051,-0.367,0.320,344.4,12.1,9.7
11.28,RightHandAnchor,0.185,-0.364,0.283,340.3,11.6,347.2
11.28,Head,0.014,-0.059,-0.007,7.8,10.4,2.0
11.33,LeftHandAnchor,-0.051,-0.366,0.320,344.4,12.1,9.6
11.33,RightHandAnchor,0.185,-0.364,0.283,340.3,11.5,347.2
11.33,Head,0.014,-0.059,-0.007,7.8,10.4,2.0
11.39,LeftHandAnchor,-0.051,-0.366,0.320,344.5,12.1,9.5
11.39,RightHandAnchor,0.185,-0.364,0.282,340.2,11.5,347.1
11.39,Head,0.014,-0.059,-0.006,7.8,10.4,2.0
11.44,LeftHandAnchor,-0.051,-0.366,0.320,344.4,12.1,9.6
11.44,RightHandAnchor,0.185,-0.364,0.282,340.1,11.5,347.1
11.44,Head,0.014,-0.059,-0.006,7.8,10.4,2.0
11.50,LeftHandAnchor,-0.051,-0.366,0.320,344.4,12.1,9.7
11.50,RightHandAnchor,0.185,-0.364,0.282,340.2,11.6,347.0
11.50,Head,0.014,-0.059,-0.006,7.8,10.4,2.0
11.55,LeftHandAnchor,-0.051,-0.366,0.320,344.4,12.2,9.7
11.55,RightHandAnchor,0.185,-0.364,0.282,340.3,11.6,347.2
11.55,Head,0.014,-0.059,-0.007,7.8,10.4,2.0
11.61,LeftHandAnchor,-0.051,-0.366,0.320,344.4,12.2,9.7
11.61,RightHandAnchor,0.185,-0.364,0.282,340.1,11.5,347.2
11.61,Head,0.014,-0.059,-0.007,7.8,10.4,2.0
11.67,LeftHandAnchor,-0.051,-0.366,0.320,344.3,12.2,9.7
11.67,RightHandAnchor,0.185,-0.364,0.282,340.1,11.5,347.2
11.67,Head,0.014,-0.059,-0.007,7.8,10.4,2.0
11.72,LeftHandAnchor,-0.051,-0.366,0.320,344.3,12.1,9.6
11.72,RightHandAnchor,0.185,-0.364,0.282,340.1,11.5,347.1
11.72,Head,0.014,-0.059,-0.007,7.8,10.4,2.0
11.78,LeftHandAnchor,-0.051,-0.366,0.320,344.4,12.2,9.5
11.78,RightHandAnchor,0.185,-0.364,0.282,340.2,11.5,347.4
11.78,Head,0.014,-0.059,-0.006,7.8,10.4,2.0
11.83,LeftHandAnchor,-0.051,-0.366,0.320,344.5,12.1,9.4
11.83,RightHandAnchor,0.185,-0.364,0.282,340.2,11.5,347.4
11.83,Head,0.014,-0.059,-0.006,7.8,10.4,2.0
11.89,LeftHandAnchor,-0.051,-0.366,0.320,344.5,12.1,9.5
11.89,RightHandAnchor,0.185,-0.364,0.282,340.2,11.5,347.4
11.89,Head,0.014,-0.059,-0.006,7.8,10.4,2.0
11.94,LeftHandAnchor,-0.051,-0.366,0.320,344.4,12.2,10.0
11.94,RightHandAnchor,0.184,-0.364,0.282,340.2,11.7,347.3
11.94,Head,0.014,-0.059,-0.006,7.8,10.3,2.0
12.00,LeftHandAnchor,-0.051,-0.366,0.320,344.4,12.2,9.9
12.00,RightHandAnchor,0.185,-0.364,0.282,340.2,11.6,347.1
12.00,Head,0.014,-0.059,-0.006,7.8,10.4,2.0
12.05,LeftHandAnchor,-0.051,-0.366,0.320,344.4,12.2,9.9
12.05,RightHandAnchor,0.185,-0.364,0.282,340.2,11.6,347.1
12.05,Head,0.014,-0.059,-0.006,7.8,10.4,2.0
12.11,LeftHandAnchor,-0.051,-0.366,0.320,344.5,12.2,9.9
12.11,RightHandAnchor,0.185,-0.364,0.282,340.2,11.6,347.0
12.11,Head,0.014,-0.059,-0.006,7.8,10.4,2.0
12.17,LeftHandAnchor,-0.051,-0.366,0.320,344.4,12.2,9.9
12.17,RightHandAnchor,0.185,-0.364,0.282,340.2,11.6,347.1
12.17,Head,0.014,-0.059,-0.006,7.8,10.4,2.0
12.22,LeftHandAnchor,-0.051,-0.366,0.320,344.5,12.1,9.9
12.22,RightHandAnchor,0.185,-0.364,0.282,340.3,11.7,347.2
12.22,Head,0.014,-0.059,-0.006,7.8,10.4,2.0
12.28,LeftHandAnchor,-0.051,-0.366,0.320,344.4,12.1,9.9
12.28,RightHandAnchor,0.185,-0.364,0.283,340.3,11.6,347.1
12.28,Head,0.014,-0.059,-0.006,7.8,10.4,2.0
12.33,LeftHandAnchor,-0.051,-0.366,0.320,344.5,12.1,9.8
12.33,RightHandAnchor,0.185,-0.364,0.283,340.3,11.6,347.1
12.33,Head,0.014,-0.059,-0.007,7.8,10.4,2.0
12.39,LeftHandAnchor,-0.051,-0.366,0.320,344.5,12.1,9.8
12.39,RightHandAnchor,0.185,-0.364,0.282,340.2,11.6,347.1
12.39,Head,0.014,-0.059,-0.007,7.7,10.4,2.0
12.44,LeftHandAnchor,-0.051,-0.366,0.320,344.5,12.2,9.9
12.44,RightHandAnchor,0.185,-0.364,0.282,340.3,11.7,347.0
12.44,Head,0.014,-0.059,-0.006,7.7,10.4,2.0
12.50,LeftHandAnchor,-0.051,-0.366,0.320,344.5,12.1,9.9
12.50,RightHandAnchor,0.185,-0.364,0.282,340.3,11.7,347.0
12.50,Head,0.014,-0.059,-0.006,7.8,10.4,2.0
12.55,LeftHandAnchor,-0.051,-0.367,0.320,344.4,12.1,10.0
12.55,RightHandAnchor,0.185,-0.364,0.283,340.2,11.6,347.4
12.55,Head,0.014,-0.059,-0.006,7.8,10.4,2.0
12.61,LeftHandAnchor,-0.051,-0.367,0.320,344.4,12.2,9.8
12.61,RightHandAnchor,0.185,-0.364,0.283,340.3,11.7,347.2
12.61,Head,0.014,-0.059,-0.006,7.8,10.4,2.0
12.67,LeftHandAnchor,-0.051,-0.366,0.320,344.4,12.2,9.8
12.67,RightHandAnchor,0.185,-0.364,0.282,340.2,11.7,347.1
12.67,Head,0.014,-0.059,-0.006,7.8,10.4,2.0
12.72,LeftHandAnchor,-0.051,-0.366,0.320,344.4,12.2,9.8
12.72,RightHandAnchor,0.185,-0.364,0.282,340.2,11.7,347.1
12.72,Head,0.013,-0.059,-0.006,7.8,10.4,2.0
12.78,LeftHandAnchor,-0.051,-0.367,0.320,344.3,12.2,9.8
12.78,RightHandAnchor,0.185,-0.364,0.282,340.2,11.7,347.1
12.78,Head,0.013,-0.059,-0.006,7.8,10.4,2.0
12.83,LeftHandAnchor,-0.051,-0.367,0.320,344.3,12.2,9.8
12.83,RightHandAnchor,0.184,-0.364,0.282,340.2,11.7,347.2
12.83,Head,0.013,-0.059,-0.006,7.8,10.4,2.0
12.89,LeftHandAnchor,-0.051,-0.367,0.320,344.3,12.2,9.9
12.89,RightHandAnchor,0.184,-0.364,0.282,340.3,11.8,347.1
12.89,Head,0.013,-0.059,-0.006,7.8,10.4,2.0
12.94,LeftHandAnchor,-0.051,-0.367,0.320,344.3,12.3,9.9
12.94,RightHandAnchor,0.184,-0.364,0.282,340.3,11.7,347.3
12.94,Head,0.014,-0.059,-0.006,7.8,10.4,2.0
13.00,LeftHandAnchor,-0.051,-0.367,0.320,344.2,12.3,9.9
13.00,RightHandAnchor,0.185,-0.364,0.282,340.3,11.7,347.3
13.00,Head,0.014,-0.059,-0.006,7.8,10.4,2.0
13.05,LeftHandAnchor,-0.051,-0.367,0.320,344.1,12.3,9.9
13.05,RightHandAnchor,0.185,-0.364,0.282,340.3,11.7,347.3
13.05,Head,0.014,-0.059,-0.006,7.8,10.4,2.0
13.11,LeftHandAnchor,-0.051,-0.367,0.320,344.1,12.2,9.8
13.11,RightHandAnchor,0.185,-0.364,0.282,340.3,11.6,347.4
13.11,Head,0.014,-0.059,-0.007,7.8,10.4,2.0
13.17,LeftHandAnchor,-0.051,-0.367,0.320,344.3,12.2,9.6
13.17,RightHandAnchor,0.185,-0.364,0.282,340.2,11.7,347.3
13.17,Head,0.014,-0.059,-0.007,7.8,10.4,2.0
13.22,LeftHandAnchor,-0.051,-0.366,0.320,344.3,12.2,9.6
13.22,RightHandAnchor,0.185,-0.364,0.283,340.2,11.7,347.3
13.22,Head,0.014,-0.059,-0.007,7.8,10.4,2.0
13.28,LeftHandAnchor,-0.051,-0.367,0.320,344.4,12.2,9.8
13.28,RightHandAnchor,0.185,-0.364,0.283,340.3,11.7,347.3
13.28,Head,0.014,-0.059,-0.007,7.8,10.4,2.0
13.33,LeftHandAnchor,-0.051,-0.367,0.320,344.3,12.2,9.8
13.33,RightHandAnchor,0.185,-0.364,0.282,340.2,11.6,347.3
13.33,Head,0.014,-0.059,-0.007,7.8,10.4,2.0
13.39,LeftHandAnchor,-0.051,-0.367,0.320,344.3,12.3,9.9
13.39,RightHandAnchor,0.185,-0.364,0.282,340.1,11.6,347.3
13.39,Head,0.014,-0.059,-0.007,7.8,10.4,2.0
13.44,LeftHandAnchor,-0.051,-0.367,0.320,344.3,12.3,9.8
13.44,RightHandAnchor,0.185,-0.364,0.282,340.1,11.5,347.1
13.44,Head,0.014,-0.059,-0.007,7.8,10.4,2.0
13.50,LeftHandAnchor,-0.051,-0.367,0.321,344.3,12.2,9.8
13.50,RightHandAnchor,0.185,-0.364,0.282,340.0,11.4,347.7
13.50,Head,0.013,-0.059,-0.006,7.8,10.4,2.0
13.55,LeftHandAnchor,-0.051,-0.367,0.320,344.3,12.2,9.8
13.55,RightHandAnchor,0.185,-0.364,0.283,340.2,11.6,347.4
13.55,Head,0.013,-0.059,-0.006,7.8,10.4,2.0
13.61,LeftHandAnchor,-0.051,-0.367,0.320,344.3,12.2,9.7
13.61,RightHandAnchor,0.185,-0.364,0.282,340.2,11.6,347.4
13.61,Head,0.014,-0.059,-0.006,7.8,10.4,2.0
13.67,LeftHandAnchor,-0.051,-0.367,0.320,344.3,12.1,9.8
13.67,RightHandAnchor,0.185,-0.364,0.282,340.1,11.6,347.3
13.67,Head,0.014,-0.059,-0.006,7.7,10.4,2.0
13.72,LeftHandAnchor,-0.051,-0.367,0.320,344.3,12.2,9.8
13.72,RightHandAnchor,0.184,-0.364,0.282,340.1,11.7,347.3
13.72,Head,0.014,-0.059,-0.006,7.8,10.4,2.0
13.78,LeftHandAnchor,-0.051,-0.367,0.320,344.3,12.1,9.8
13.78,RightHandAnchor,0.185,-0.364,0.282,340.2,11.6,347.2
13.78,Head,0.013,-0.059,-0.006,7.8,10.3,2.0
13.83,LeftHandAnchor,-0.051,-0.366,0.320,344.3,12.1,9.8
13.83,RightHandAnchor,0.185,-0.364,0.282,340.1,11.5,347.3
13.83,Head,0.014,-0.059,-0.007,7.7,10.3,2.0
13.89,LeftHandAnchor,-0.051,-0.366,0.320,344.4,12.1,9.8
13.89,RightHandAnchor,0.185,-0.364,0.282,340.2,11.6,347.3
13.89,Head,0.014,-0.059,-0.007,7.7,10.3,2.0
13.94,LeftHandAnchor,-0.051,-0.366,0.320,344.3,12.2,9.8
13.94,RightHandAnchor,0.185,-0.364,0.282,340.2,11.6,347.4
13.94,Head,0.014,-0.059,-0.007,7.6,10.4,1.9
14.00,LeftHandAnchor,-0.051,-0.366,0.320,344.4,12.2,10.1
14.00,RightHandAnchor,0.185,-0.364,0.283,340.2,11.6,347.3
14.00,Head,0.014,-0.059,-0.007,7.6,10.3,2.0
14.05,LeftHandAnchor,-0.051,-0.366,0.320,344.4,12.1,10.0
14.05,RightHandAnchor,0.185,-0.364,0.282,340.3,11.7,347.3
14.05,Head,0.014,-0.059,-0.007,7.6,10.3,1.9
14.11,LeftHandAnchor,-0.051,-0.366,0.320,344.4,12.1,10.0
14.11,RightHandAnchor,0.185,-0.364,0.282,340.3,11.7,347.3
14.11,Head,0.014,-0.059,-0.006,7.7,10.3,2.0
14.17,LeftHandAnchor,-0.051,-0.366,0.320,344.4,12.1,10.1
14.17,RightHandAnchor,0.185,-0.364,0.282,340.2,11.6,347.2
14.17,Head,0.014,-0.059,-0.006,7.7,10.4,2.0
14.22,LeftHandAnchor,-0.051,-0.366,0.320,344.4,12.1,10.0
14.22,RightHandAnchor,0.185,-0.364,0.282,340.2,11.7,347.1
14.22,Head,0.014,-0.059,-0.006,7.7,10.4,2.0
14.28,LeftHandAnchor,-0.051,-0.366,0.319,344.4,12.1,10.0
14.28,RightHandAnchor,0.185,-0.364,0.282,340.2,11.6,347.2
14.28,Head,0.014,-0.059,-0.006,7.7,10.4,2.0
14.33,LeftHandAnchor,-0.051,-0.366,0.320,344.4,12.0,10.0
14.33,RightHandAnchor,0.185,-0.364,0.283,340.2,11.6,347.2
14.33,Head,0.014,-0.059,-0.006,7.7,10.4,2.0
14.39,LeftHandAnchor,-0.051,-0.366,0.319,344.4,12.0,10.0
14.39,RightHandAnchor,0.185,-0.364,0.283,340.2,11.6,347.2
14.39,Head,0.014,-0.059,-0.006,7.7,10.4,2.0
14.44,LeftHandAnchor,-0.051,-0.366,0.320,344.5,12.0,9.9
14.44,RightHandAnchor,0.185,-0.364,0.282,340.2,11.5,347.3
14.44,Head,0.014,-0.059,-0.006,7.7,10.5,2.0
14.50,LeftHandAnchor,-0.051,-0.366,0.320,344.5,12.0,9.8
14.50,RightHandAnchor,0.185,-0.364,0.282,340.1,11.5,347.4
14.50,Head,0.014,-0.059,-0.006,7.7,10.5,1.9
14.55,LeftHandAnchor,-0.051,-0.366,0.320,344.5,11.9,9.8
14.55,RightHandAnchor,0.185,-0.364,0.282,340.2,11.6,347.3
14.55,Head,0.014,-0.059,-0.006,7.8,10.5,2.0
14.61,LeftHandAnchor,-0.051,-0.366,0.320,344.5,11.9,9.9
14.61,RightHandAnchor,0.185,-0.364,0.282,340.2,11.6,347.2
14.61,Head,0.014,-0.059,-0.006,7.8,10.5,2.0
14.67,LeftHandAnchor,-0.051,-0.366,0.320,344.5,11.9,9.9
14.67,RightHandAnchor,0.185,-0.364,0.282,340.2,11.6,347.2
14.67,Head,0.014,-0.059,-0.006,7.8,10.6,2.0
14.72,LeftHandAnchor,-0.051,-0.366,0.320,344.5,11.9,9.8
14.72,RightHandAnchor,0.185,-0.364,0.282,340.2,11.6,347.4
14.72,Head,0.014,-0.059,-0.006,7.8,10.6,2.0
14.78,LeftHandAnchor,-0.051,-0.366,0.320,344.6,11.9,9.8
14.78,RightHandAnchor,0.185,-0.364,0.282,340.3,11.7,347.3
14.78,Head,0.015,-0.059,-0.006,7.8,10.6,2.0
14.83,LeftHandAnchor,-0.051,-0.366,0.320,344.5,11.9,9.8
14.83,RightHandAnchor,0.185,-0.364,0.282,340.3,11.7,347.2
14.83,Head,0.015,-0.059,-0.006,7.8,10.6,2.0
14.89,LeftHandAnchor,-0.051,-0.366,0.320,344.5,11.8,9.8
14.89,RightHandAnchor,0.185,-0.364,0.282,340.2,11.6,347.0
14.89,Head,0.015,-0.059,-0.006,7.8,10.6,2.0
14.94,LeftHandAnchor,-0.051,-0.366,0.320,344.5,11.9,9.8
14.94,RightHandAnchor,0.185,-0.364,0.282,340.1,11.6,347.0
14.94,Head,0.015,-0.059,-0.006,7.8,10.6,2.0
15.00,LeftHandAnchor,-0.051,-0.366,0.320,344.5,11.9,9.7
15.00,RightHandAnchor,0.185,-0.364,0.282,340.3,11.7,347.1
15.00,Head,0.015,-0.059,-0.005,7.8,10.6,2.0
15.05,LeftHandAnchor,-0.051,-0.366,0.320,344.5,11.9,9.9
15.05,RightHandAnchor,0.185,-0.364,0.282,340.3,11.7,347.0
15.05,Head,0.015,-0.059,-0.006,7.8,10.6,2.0
15.11,LeftHandAnchor,-0.051,-0.366,0.320,344.3,11.9,9.8
15.11,RightHandAnchor,0.185,-0.364,0.282,340.2,11.6,347.1
15.11,Head,0.015,-0.059,-0.006,7.8,10.6,2.0
15.17,LeftHandAnchor,-0.051,-0.366,0.320,344.3,12.0,9.8
15.17,RightHandAnchor,0.185,-0.364,0.282,340.3,11.7,347.1
15.17,Head,0.015,-0.059,-0.006,7.8,10.6,2.0
15.22,LeftHandAnchor,-0.051,-0.366,0.320,344.4,12.0,9.7
15.22,RightHandAnchor,0.185,-0.364,0.282,340.3,11.7,347.0
15.22,Head,0.014,-0.059,-0.006,7.8,10.6,2.0
15.28,LeftHandAnchor,-0.051,-0.366,0.320,344.4,12.0,9.6
15.28,RightHandAnchor,0.185,-0.364,0.282,340.3,11.7,347.0
15.28,Head,0.014,-0.059,-0.006,7.8,10.6,2.0
15.33,LeftHandAnchor,-0.051,-0.366,0.320,344.4,12.0,9.6
15.33,RightHandAnchor,0.185,-0.364,0.282,340.3,11.7,347.0
15.33,Head,0.014,-0.059,-0.005,7.8,10.6,2.0
15.39,LeftHandAnchor,-0.051,-0.366,0.320,344.4,12.0,9.6
15.39,RightHandAnchor,0.185,-0.363,0.282,340.6,11.7,347.1
15.39,Head,0.014,-0.059,-0.005,7.8,10.6,2.0
15.44,LeftHandAnchor,-0.051,-0.366,0.320,344.4,12.0,9.6
15.44,RightHandAnchor,0.185,-0.363,0.282,340.5,11.7,346.9
15.44,Head,0.014,-0.059,-0.006,7.8,10.6,2.0
15.50,LeftHandAnchor,-0.051,-0.367,0.320,344.3,12.1,9.6
15.50,RightHandAnchor,0.185,-0.364,0.282,340.5,11.7,346.9
15.50,Head,0.014,-0.059,-0.006,7.8,10.6,2.0
15.55,LeftHandAnchor,-0.051,-0.367,0.320,344.3,12.1,9.6
15.55,RightHandAnchor,0.185,-0.364,0.282,340.4,11.7,346.8
15.55,Head,0.014,-0.059,-0.006,7.8,10.6,2.0
15.61,LeftHandAnchor,-0.051,-0.367,0.320,344.3,12.1,9.7
15.61,RightHandAnchor,0.185,-0.364,0.282,340.4,11.7,347.0
15.61,Head,0.014,-0.059,-0.006,7.7,10.6,2.0
15.67,LeftHandAnchor,-0.051,-0.366,0.320,344.4,12.1,9.7
15.67,RightHandAnchor,0.184,-0.364,0.282,340.4,11.7,347.0
15.67,Head,0.014,-0.059,-0.006,7.8,10.5,2.0
15.72,LeftHandAnchor,-0.051,-0.366,0.320,344.4,12.1,9.9
15.72,RightHandAnchor,0.185,-0.364,0.282,340.3,11.6,347.4
15.72,Head,0.014,-0.059,-0.006,7.7,10.5,1.9
15.78,LeftHandAnchor,-0.051,-0.367,0.321,344.4,12.1,9.8
15.78,RightHandAnchor,0.185,-0.364,0.282,340.2,11.6,347.3
15.78,Head,0.014,-0.058,-0.006,7.0,10.6,1.9
15.83,LeftHandAnchor,-0.051,-0.367,0.320,344.3,12.1,9.9
15.83,RightHandAnchor,0.185,-0.364,0.282,340.2,11.6,347.4
15.83,Head,0.014,-0.053,-0.007,4.5,10.5,1.7
15.89,LeftHandAnchor,-0.051,-0.367,0.320,344.2,12.1,9.8
15.89,RightHandAnchor,0.185,-0.364,0.282,340.1,11.6,347.4
15.89,Head,0.013,-0.048,-0.009,1.1,10.4,1.5
15.94,LeftHandAnchor,-0.051,-0.366,0.320,344.3,12.1,9.8
15.94,RightHandAnchor,0.185,-0.364,0.282,340.2,11.6,347.3
15.94,Head,0.013,-0.042,-0.013,357.2,10.4,1.5
16.00,LeftHandAnchor,-0.051,-0.366,0.320,344.3,12.1,9.9
16.00,RightHandAnchor,0.185,-0.364,0.282,340.3,11.6,347.3
16.00,Head,0.012,-0.036,-0.019,353.2,10.8,1.4
16.05,LeftHandAnchor,-0.051,-0.366,0.319,344.4,12.1,9.8
16.05,RightHandAnchor,0.184,-0.363,0.282,340.2,11.6,347.2
16.05,Head,0.011,-0.031,-0.026,349.1,11.4,1.4
16.11,LeftHandAnchor,-0.051,-0.365,0.319,344.4,12.1,9.8
16.11,RightHandAnchor,0.184,-0.363,0.282,340.3,11.7,347.1
16.11,Head,0.010,-0.026,-0.033,345.1,12.0,1.4
16.17,LeftHandAnchor,-0.051,-0.365,0.319,344.5,12.1,9.9
16.17,RightHandAnchor,0.184,-0.363,0.281,340.5,11.8,346.5
16.17,Head,0.009,-0.021,-0.041,341.3,12.5,1.0
16.22,LeftHandAnchor,-0.052,-0.365,0.319,344.4,12.3,9.9
16.22,RightHandAnchor,0.184,-0.363,0.281,340.4,11.8,346.4
16.22,Head,0.008,-0.016,-0.048,337.1,12.9,0.4
16.28,LeftHandAnchor,-0.052,-0.365,0.319,344.3,12.3,9.9
16.28,RightHandAnchor,0.183,-0.362,0.281,340.5,11.9,346.4
16.28,Head,0.006,-0.012,-0.057,332.6,13.3,359.8
16.33,LeftHandAnchor,-0.052,-0.365,0.319,344.3,12.4,10.0
16.33,RightHandAnchor,0.183,-0.362,0.281,340.6,12.0,346.3
16.33,Head,0.005,-0.008,-0.065,327.5,13.6,359.5
16.39,LeftHandAnchor,-0.052,-0.365,0.319,343.9,12.6,10.0
16.39,RightHandAnchor,0.183,-0.362,0.281,340.7,12.0,346.2
16.39,Head,0.004,-0.004,-0.073,322.4,14.2,359.3
16.44,LeftHandAnchor,-0.053,-0.365,0.318,341.3,13.3,13.0
16.44,RightHandAnchor,0.184,-0.362,0.280,340.4,11.8,345.4
16.44,Head,0.004,-0.002,-0.080,318.8,15.3,359.4
16.50,LeftHandAnchor,-0.053,-0.364,0.318,341.3,13.4,13.0
16.50,RightHandAnchor,0.184,-0.361,0.269,330.3,16.0,330.0
16.50,Head,0.003,-0.001,-0.085,316.2,16.3,359.5
16.55,LeftHandAnchor,-0.054,-0.364,0.317,341.6,13.4,13.3
16.55,RightHandAnchor,0.185,-0.374,0.247,316.7,20.5,315.7
16.55,Head,0.002,0.001,-0.087,313.8,16.6,359.7
16.61,LeftHandAnchor,-0.055,-0.363,0.317,341.7,13.4,13.3
16.61,RightHandAnchor,0.192,-0.395,0.235,306.8,29.2,301.4
16.61,Head,0.002,0.001,-0.088,312.2,16.6,0.1
16.67,LeftHandAnchor,-0.056,-0.362,0.318,340.8,13.9,14.4
16.67,RightHandAnchor,0.204,-0.422,0.234,291.2,49.0,285.5
16.67,Head,0.002,0.001,-0.089,310.9,16.3,0.7
16.72,LeftHandAnchor,-0.058,-0.362,0.318,340.2,14.4,15.5
16.72,RightHandAnchor,0.214,-0.435,0.220,286.1,63.2,273.4
16.72,Head,0.002,0.002,-0.090,309.9,16.2,0.9
16.78,LeftHandAnchor,-0.061,-0.359,0.319,341.0,15.3,16.2
16.78,RightHandAnchor,0.232,-0.446,0.203,304.9,35.0,300.1
16.78,Head,0.002,0.002,-0.090,309.0,16.3,1.1
16.83,LeftHandAnchor,-0.063,-0.358,0.320,341.8,16.0,17.2
16.83,RightHandAnchor,0.260,-0.441,0.180,322.5,25.1,311.7
16.83,Head,0.003,0.002,-0.091,308.0,17.2,0.6
16.89,LeftHandAnchor,-0.063,-0.356,0.320,340.7,15.2,23.4
16.89,RightHandAnchor,0.263,-0.434,0.164,334.2,26.8,312.5
16.89,Head,0.005,0.002,-0.089,307.2,18.4,359.8
16.94,LeftHandAnchor,-0.069,-0.347,0.312,330.2,9.7,34.9
16.94,RightHandAnchor,0.269,-0.432,0.154,329.4,30.7,312.6
16.94,Head,0.007,0.002,-0.087,306.6,19.7,359.3
17.00,LeftHandAnchor,-0.056,-0.319,0.277,302.1,338.0,69.4
17.00,RightHandAnchor,0.271,-0.429,0.151,320.9,32.4,316.3
17.00,Head,0.009,0.002,-0.084,307.0,20.5,359.2
17.06,LeftHandAnchor,-0.061,-0.253,0.238,293.0,296.4,112.4
17.06,RightHandAnchor,0.272,-0.425,0.151,330.4,28.5,323.1
17.06,Head,0.011,0.002,-0.080,308.1,20.9,359.7
17.11,LeftHandAnchor,-0.090,-0.182,0.188,301.3,240.8,167.9
17.11,RightHandAnchor,0.276,-0.423,0.153,333.4,27.2,331.8
17.11,Head,0.013,0.002,-0.078,308.9,20.8,0.0
17.17,LeftHandAnchor,-0.127,-0.161,0.125,315.0,213.3,188.1
17.17,RightHandAnchor,0.280,-0.421,0.159,344.1,27.5,333.1
17.17,Head,0.015,0.002,-0.076,309.3,20.3,0.4
17.22,LeftHandAnchor,-0.147,-0.127,0.027,323.5,205.1,207.9
17.22,RightHandAnchor,0.283,-0.419,0.163,338.6,26.5,334.2
17.22,Head,0.015,0.002,-0.075,309.3,19.4,0.8
17.28,LeftHandAnchor,-0.101,-0.091,-0.032,342.7,192.5,211.9
17.28,RightHandAnchor,0.285,-0.415,0.168,342.4,27.7,333.7
17.28,Head,0.015,0.003,-0.074,309.0,18.3,1.5
17.33,LeftHandAnchor,-0.092,-0.055,-0.097,351.7,188.6,214.4
17.33,RightHandAnchor,0.286,-0.411,0.170,340.6,28.0,334.5
17.33,Head,0.016,0.003,-0.074,308.8,17.6,1.8
17.39,LeftHandAnchor,0.000,0.000,0.000,0.0,0.0,0.0
17.39,RightHandAnchor,0.286,-0.405,0.174,344.8,28.3,338.6
17.39,Head,0.016,0.003,-0.075,308.8,16.9,2.5
17.45,LeftHandAnchor,0.000,0.000,0.000,0.0,0.0,0.0
17.45,RightHandAnchor,0.286,-0.397,0.177,348.0,27.5,341.6
17.45,Head,0.015,0.002,-0.074,308.8,16.1,3.3
17.50,LeftHandAnchor,0.000,0.000,0.000,0.0,0.0,0.0
17.50,RightHandAnchor,0.284,-0.392,0.183,347.4,27.2,344.1
17.50,Head,0.013,0.002,-0.074,308.8,15.2,4.1
17.56,LeftHandAnchor,0.000,0.000,0.000,0.0,0.0,0.0
17.56,RightHandAnchor,0.284,-0.389,0.188,357.7,30.1,341.8
17.56,Head,0.012,0.003,-0.072,309.1,13.9,5.3
17.61,LeftHandAnchor,0.000,0.000,0.000,0.0,0.0,0.0
17.61,RightHandAnchor,0.283,-0.384,0.196,3.0,31.7,343.1
17.61,Head,0.012,0.002,-0.070,309.5,13.0,5.6
17.67,LeftHandAnchor,0.000,0.000,0.000,0.0,0.0,0.0
17.67,RightHandAnchor,0.288,-0.382,0.205,14.5,36.8,349.2
17.67,Head,0.010,0.002,-0.067,310.9,11.0,6.9
17.72,LeftHandAnchor,0.000,0.000,0.000,0.0,0.0,0.0
17.72,RightHandAnchor,0.293,-0.383,0.212,22.6,42.6,354.3
17.72,Head,0.009,0.002,-0.064,312.2,8.8,8.7
17.78,LeftHandAnchor,0.000,0.000,0.000,0.0,0.0,0.0
17.78,RightHandAnchor,0.291,-0.373,0.217,9.8,35.4,358.1
17.78,Head,0.009,0.003,-0.062,312.1,8.4,9.2
17.83,LeftHandAnchor,0.000,0.000,0.000,0.0,0.0,0.0
17.83,RightHandAnchor,0.288,-0.361,0.226,8.4,35.8,359.3
17.83,Head,0.008,0.003,-0.058,312.5,7.2,9.4
17.89,LeftHandAnchor,0.000,0.000,0.000,0.0,0.0,0.0
17.89,RightHandAnchor,0.287,-0.353,0.233,6.1,35.6,2.1
17.89,Head,0.005,0.006,-0.056,312.4,4.9,11.0
17.94,LeftHandAnchor,0.000,0.000,0.000,0.0,0.0,0.0
17.94,RightHandAnchor,0.000,0.000,0.000,0.0,0.0,0.0
17.94,Head,0.002,0.010,-0.054,312.2,2.5,11.7
18.00,LeftHandAnchor,0.000,0.000,0.000,0.0,0.0,0.0
18.00,RightHandAnchor,0.000,0.000,0.000,0.0,0.0,0.0
18.00,Head,-0.002,0.014,-0.053,311.2,0.4,12.4
18.06,LeftHandAnchor,0.000,0.000,0.000,0.0,0.0,0.0
18.06,RightHandAnchor,0.000,0.000,0.000,0.0,0.0,0.0
18.06,Head,-0.007,0.021,-0.053,309.2,358.4,12.7
18.11,LeftHandAnchor,0.000,0.000,0.000,0.0,0.0,0.0
18.11,RightHandAnchor,0.000,0.000,0.000,0.0,0.0,0.0
18.11,Head,-0.009,0.026,-0.053,307.8,355.9,13.2
18.17,LeftHandAnchor,0.000,0.000,0.000,0.0,0.0,0.0
18.17,RightHandAnchor,0.000,0.000,0.000,0.0,0.0,0.0
18.17,Head,-0.011,0.029,-0.052,307.9,354.8,13.1
18.22,LeftHandAnchor,0.000,0.000,0.000,0.0,0.0,0.0
18.22,RightHandAnchor,0.000,0.000,0.000,0.0,0.0,0.0
18.22,Head,-0.010,0.029,-0.049,309.3,355.8,11.7
18.28,LeftHandAnchor,0.000,0.000,0.000,0.0,0.0,0.0
18.28,RightHandAnchor,0.000,0.000,0.000,0.0,0.0,0.0
18.28,Head,-0.007,0.029,-0.046,311.0,358.0,10.0
18.33,LeftHandAnchor,0.000,0.000,0.000,0.0,0.0,0.0
18.33,RightHandAnchor,0.000,0.000,0.000,0.0,0.0,0.0
18.33,Head,-0.006,0.029,-0.043,312.4,359.3,8.9
18.39,LeftHandAnchor,0.000,0.000,0.000,0.0,0.0,0.0
18.39,RightHandAnchor,0.000,0.000,0.000,0.0,0.0,0.0
18.39,Head,-0.005,0.029,-0.040,313.7,359.1,8.8
18.44,LeftHandAnchor,0.000,0.000,0.000,0.0,0.0,0.0
18.44,RightHandAnchor,0.000,0.000,0.000,0.0,0.0,0.0
18.44,Head,-0.004,0.029,-0.038,314.6,359.0,8.2
18.50,LeftHandAnchor,0.000,0.000,0.000,0.0,0.0,0.0
18.50,RightHandAnchor,0.000,0.000,0.000,0.0,0.0,0.0
18.50,Head,-0.003,0.029,-0.036,315.7,359.0,7.7
18.55,LeftHandAnchor,0.000,0.000,0.000,0.0,0.0,0.0
18.55,RightHandAnchor,0.000,0.000,0.000,0.0,0.0,0.0
18.55,Head,-0.002,0.028,-0.036,315.3,0.9,6.8
18.60,LeftHandAnchor,0.000,0.000,0.000,0.0,0.0,0.0
18.60,RightHandAnchor,0.000,0.000,0.000,0.0,0.0,0.0
18.60,Head,-0.002,0.028,-0.036,315.3,0.9,6.8
18.65,LeftHandAnchor,0.000,0.000,0.000,0.0,0.0,0.0
18.65,RightHandAnchor,0.000,0.000,0.000,0.0,0.0,0.0
18.65,Head,-0.002,0.028,-0.036,315.3,0.9,6.8
18.70,LeftHandAnchor,0.000,0.000,0.000,0.0,0.0,0.0
18.70,RightHandAnchor,0.000,0.000,0.000,0.0,0.0,0.0
18.70,Head,-0.002,0.028,-0.036,315.3,0.9,6.8
18.75,LeftHandAnchor,0.000,0.000,0.000,0.0,0.0,0.0
18.75,RightHandAnchor,0.000,0.000,0.000,0.0,0.0,0.0
18.75,Head,-0.002,0.028,-0.036,315.3,0.9,6.8
18.80,LeftHandAnchor,0.000,0.000,0.000,0.0,0.0,0.0
18.80,RightHandAnchor,0.000,0.000,0.000,0.0,0.0,0.0
18.80,Head,-0.002,0.028,-0.036,315.3,0.9,6.8
18.85,LeftHandAnchor,0.000,0.000,0.000,0.0,0.0,0.0
18.85,RightHandAnchor,0.000,0.000,0.000,0.0,0.0,0.0
18.85,Head,-0.002,0.028,-0.036,315.3,0.9,6.8
18.90,LeftHandAnchor,0.000,0.000,0.000,0.0,0.0,0.0
18.90,RightHandAnchor,0.000,0.000,0.000,0.0,0.0,0.0
18.90,Head,-0.002,0.028,-0.036,315.3,0.9,6.8
18.95,LeftHandAnchor,0.000,0.000,0.000,0.0,0.0,0.0
18.95,RightHandAnchor,0.000,0.000,0.000,0.0,0.0,0.0
18.95,Head,-0.002,0.028,-0.036,315.3,0.9,6.8
19.00,LeftHandAnchor,0.000,0.000,0.000,0.0,0.0,0.0
19.00,RightHandAnchor,0.000,0.000,0.000,0.0,0.0,0.0
19.00,Head,-0.002,0.028,-0.036,315.3,0.9,6.8
19.06,LeftHandAnchor,0.000,0.000,0.000,0.0,0.0,0.0
19.06,RightHandAnchor,0.000,0.000,0.000,0.0,0.0,0.0
19.06,Head,-0.002,0.028,-0.036,315.3,0.9,6.8
19.11,LeftHandAnchor,0.000,0.000,0.000,0.0,0.0,0.0
19.11,RightHandAnchor,0.000,0.000,0.000,0.0,0.0,0.0
19.11,Head,-0.002,0.028,-0.036,315.3,0.9,6.8
19.16,LeftHandAnchor,0.000,0.000,0.000,0.0,0.0,0.0
19.16,RightHandAnchor,0.000,0.000,0.000,0.0,0.0,0.0
19.16,Head,-0.002,0.028,-0.036,315.3,0.9,6.8
19.22,LeftHandAnchor,0.000,0.000,0.000,0.0,0.0,0.0
19.22,RightHandAnchor,0.000,0.000,0.000,0.0,0.0,0.0
19.22,Head,0.000,0.000,0.000,0.0,0.0,0.0
